data_type,x,y,z,magnitude
reactant_com,38.06721040000001,30.807360900000003,49.04809185,0
product_com,38.11071969999999,30.097562125000003,51.262655499999994,0
dipole_vector,0.04350929999998243,-0.7097987749999994,2.214563649999995,2.3259405667555844
