data_type,x,y,z,magnitude
reactant_com,38.062975675000004,30.754898175,49.08207914999999,0
product_com,37.889257875000006,29.77981175,51.38083305,0
dipole_vector,-0.1737177999999986,-0.9750864250000006,2.2987539000000083,2.503046324585578
