data_type,x,y,z,magnitude
reactant_com,38.286606,30.54938232499999,49.19920225000002,0
product_com,36.26255127500001,29.347480799999992,48.61800350000001,0
dipole_vector,-2.024054724999992,-1.2019015249999967,-0.5811987500000129,2.424697257925964
