data_type,x,y,z,magnitude
reactant_com,37.842896125,31.0396075,49.33712487499999,0
product_com,37.24620320000002,33.24900235,50.727064025,0
dipole_vector,-0.596692924999985,2.209394849999999,1.3899391500000036,2.677573321247112
