data_type,x,y,z,magnitude
reactant_com,37.61173027499999,31.091562850000003,48.97711442499999,0
product_com,38.82120307499999,30.369753100000004,50.62355412500001,0
dipole_vector,1.2094728000000003,-0.7218097499999985,1.6464397000000233,2.166701976477399
