data_type,x,y,z,magnitude
reactant_com,38.17150030000001,30.665132775,49.27461787499999,0
product_com,38.02271664999999,30.164907749999998,51.24297034999999,0
dipole_vector,-0.14878365000001992,-0.5002250250000024,1.9683524750000032,2.0363627171951024
