data_type,x,y,z,magnitude
reactant_com,38.1277678,30.703310500000008,49.24749712500001,0
product_com,39.23073169999999,29.839471500000002,51.06591004999999,0
dipole_vector,1.1029638999999918,-0.8638390000000058,1.8184129249999827,2.2955114350469255
