data_type,x,y,z,magnitude
reactant_com,38.211009999999995,30.936003099999994,49.34744529999999,0
product_com,37.92768282499999,30.094380624999992,51.299679600000005,0
dipole_vector,-0.2833271750000037,-0.8416224750000012,1.9522343000000149,2.1447194316775233
