data_type,x,y,z,magnitude
reactant_com,38.22954059999999,30.953509825000005,49.348267625000005,0
product_com,36.263246500000015,31.2506596,49.81232997499999,0
dipole_vector,-1.9662940999999776,0.29714977499999407,0.46406234999998475,2.0420490545441794
