data_type,x,y,z,magnitude
reactant_com,38.294533775000005,30.784674100000007,49.3579585,0
product_com,39.014031724999995,30.383566775000013,50.620664125,0
dipole_vector,0.7194979499999903,-0.4011073249999946,1.2627056249999953,1.5076438178924985
