data_type,x,y,z,magnitude
reactant_com,38.241125725,30.566899625,49.129340575,0
product_com,35.86059735,30.561889175000005,49.38580702499999,0
dipole_vector,-2.3805283750000044,-0.00501044999999678,0.2564664499999907,2.3943089793852756
