data_type,x,y,z,magnitude
reactant_com,38.29121822500001,30.87139485,49.45132017500001,0
product_com,39.09305657500001,29.696702499999994,51.30315469999998,0
dipole_vector,0.8018383500000041,-1.174692350000008,1.8518345249999655,2.3349813628080884
