data_type,x,y,z,magnitude
reactant_com,37.86850805,31.051334274999995,49.451132400000006,0
product_com,36.199501575000006,30.746789974999995,49.735695275000005,0
dipole_vector,-1.6690064749999962,-0.3045442999999999,0.2845628749999989,1.7202633153336346
