data_type,x,y,z,magnitude
reactant_com,37.91151999999999,30.87398002499999,49.20105985,0
product_com,37.183062150000005,29.958091274999997,51.433518925,0
dipole_vector,-0.7284578499999839,-0.9158887499999935,2.2324590750000013,2.5205905187382203
