data_type,x,y,z,magnitude
reactant_com,38.045593675,30.520991199999997,49.14464982500001,0
product_com,39.395245649999985,30.036417399999998,50.618007725000005,0
dipole_vector,1.3496519749999862,-0.4845737999999997,1.4733578999999963,2.0560047963855053
