data_type,x,y,z,magnitude
reactant_com,37.94933810000001,30.849758849999994,49.501596750000004,0
product_com,37.62339680000001,29.81784907500001,51.295431875000006,0
dipole_vector,-0.32594130000000376,-1.0319097749999848,1.793835125000001,2.0949749331364282
