atom_id,x,y,z
0,37.38163,30.036842,51.92012
1,37.233883,29.877031,51.424118
2,37.235218,29.832668,51.59191
3,37.12944,30.298157,51.136467
4,36.939503,30.469576,51.575203
5,36.848286,30.067171,51.390816
6,37.289593,29.905828,51.113518
7,37.112446,30.033167,51.484703
8,36.90292,29.816357,51.548
9,37.299976,29.781305,51.406235
10,37.02323,29.89196,51.756332
11,36.705257,29.97667,51.5333
12,37.230957,29.670774,51.424896
13,37.465664,30.018427,51.427883
14,37.56547,30.130894,51.698284
15,37.673756,30.012432,51.708176
16,38.71472,29.95706,51.700207
17,37.532806,30.715075,51.00771
18,37.690285,30.096241,51.480484
19,36.453644,30.200844,51.1318
20,36.933258,29.577522,51.47669
21,36.625412,29.859375,51.49099
22,36.81665,29.829237,51.79047
23,37.250637,29.743635,51.414375
24,37.546906,29.955612,51.50686
25,37.284824,29.64942,51.156475
26,37.17925,29.658092,51.445267
27,36.873707,30.122145,51.10638
28,36.97801,29.774485,51.189106
29,37.247456,30.0403,51.49717
30,37.43743,30.260208,51.543034
31,37.555515,30.266386,51.391876
32,37.39228,29.433458,51.521515
33,37.233433,30.23073,51.171673
34,36.833157,29.79441,51.60646
35,36.515438,29.36386,51.41447
36,36.52726,29.873735,51.35389
37,36.759422,29.91923,51.072628
38,37.36289,30.127716,51.356514
39,37.540867,30.055616,51.374752
