atom_id,x,y,z
0,36.511932,31.047117,49.671936
1,36.124268,30.160414,50.164917
2,36.563545,30.428148,49.892445
3,36.44515,30.455704,50.200314
4,36.072376,29.925835,50.41812
5,36.192295,30.575369,50.056232
6,35.592995,30.451752,49.988533
7,35.764263,30.795094,49.507423
8,36.091606,31.145348,49.673344
9,35.68041,30.861801,50.052628
10,36.449974,30.598354,49.384964
11,36.23249,30.212624,49.39221
12,35.908936,30.613317,49.930115
13,35.715168,30.808681,49.770805
14,36.06833,31.147427,49.52685
15,36.18956,30.523848,49.498837
16,36.54102,30.204706,49.623547
17,36.678165,30.554222,49.23821
18,36.389896,30.734842,49.420647
19,35.97323,30.633604,49.342644
20,36.02606,31.085354,50.137306
21,36.095215,31.234287,49.96036
22,36.48199,30.955206,50.23444
23,36.486217,30.728807,49.309574
24,36.66314,30.781797,49.784725
25,36.07214,30.776846,49.57438
26,36.244083,31.151937,49.824284
27,36.411327,31.104061,49.502003
28,36.517643,30.95104,49.509663
29,36.257767,30.524216,49.85552
30,36.34552,31.16443,50.1895
31,36.483036,31.04034,49.460476
32,36.234413,30.69867,49.59636
33,35.63912,30.57516,49.584953
34,36.343876,30.673794,49.49919
35,35.756077,30.996044,50.09876
36,36.215878,31.082531,49.80598
37,35.880527,30.776329,49.546253
38,36.088615,30.621962,49.64331
39,36.55181,31.070581,49.556053
