atom_id,x,y,z
0,39.772003,29.715876,50.827854
1,39.348576,29.92045,51.076824
2,39.459972,29.43592,50.873573
3,39.372787,30.415123,50.93203
4,39.095707,30.479933,50.072094
5,39.31698,30.960655,50.71205
6,39.38313,30.502892,50.13287
7,39.40139,30.389723,50.631058
8,39.580383,29.638882,50.849644
9,39.283825,30.32871,50.272747
10,39.50892,29.738686,50.699722
11,39.089634,29.634209,50.99624
12,39.38072,30.033255,50.884007
13,39.05978,30.214123,50.540474
14,39.778778,30.059452,50.88163
15,39.657528,30.016388,50.889908
16,39.80397,29.765543,50.018467
17,39.09988,29.494478,50.544304
18,39.135883,29.758951,51.001873
19,38.987732,29.971739,50.430016
20,39.51513,30.340574,50.96224
21,39.298912,30.542198,50.314816
22,39.584763,29.972805,51.056374
23,39.532814,29.742676,50.314445
24,39.23028,30.228088,50.397907
25,39.250214,30.238516,50.529564
26,39.23977,30.024866,50.134426
27,39.359207,29.92854,50.848286
28,39.782444,30.322767,50.47947
29,39.330826,29.045395,49.880497
30,39.207264,29.601452,50.474308
31,40.026985,29.776339,50.4532
32,39.479107,30.368473,50.591564
33,39.455845,30.180836,50.7232
34,39.18843,30.615812,50.352673
35,39.53624,30.04914,51.444843
36,39.499645,30.045528,51.355934
37,39.069363,30.051157,50.42592
38,39.478897,29.902056,50.376774
39,39.226112,30.00449,50.336483
