atom_id,x,y,z
0,38.777813,30.409624,51.0101
1,39.097576,30.230247,51.257008
2,38.195652,30.830942,50.93366
3,38.606495,30.883783,50.2191
4,39.23719,30.553064,50.748478
5,39.19081,30.113253,50.703552
6,38.973816,30.994667,50.325092
7,38.86651,29.930904,50.990578
8,39.046818,30.28061,50.558483
9,38.826622,30.471392,50.30193
10,38.811924,31.324856,49.873966
11,39.54231,31.579185,49.771324
12,39.388268,30.632603,50.359295
13,39.520397,30.35618,50.138054
14,38.900166,30.417562,49.97565
15,38.86085,30.791664,50.254745
16,38.718147,30.217869,50.25319
17,38.632977,30.027668,50.777496
18,39.490963,30.350798,50.48986
19,39.357018,30.264753,50.719498
20,39.132015,30.371998,50.70418
21,39.29964,30.000122,50.099895
22,39.009068,30.146221,50.74108
23,38.58264,30.045431,51.251183
24,39.32046,29.864723,50.417496
25,38.893215,30.304482,50.37974
26,38.935253,30.18921,50.589737
27,38.64556,30.144037,50.211987
28,38.973957,30.136583,50.94919
29,38.82332,30.027966,50.93931
30,38.96972,30.54033,50.858223
31,38.83809,30.710657,50.853256
32,39.34739,30.8306,50.901913
33,39.342773,30.224424,50.508877
34,39.14658,30.417421,50.93658
35,39.277985,30.360374,51.129772
36,38.944286,30.295969,50.45303
37,39.09268,29.515282,51.627384
38,39.208805,30.391935,50.729263
39,38.73551,30.163282,50.88341
