atom_id,x,y,z
0,36.115105,30.430122,49.473614
1,36.179157,30.46011,49.527725
2,36.006348,30.173428,49.938538
3,35.8369,30.446009,49.5541
4,35.54105,30.935535,49.158318
5,35.98579,30.531792,49.45809
6,35.87089,30.518425,49.73501
7,36.317245,30.457321,49.062645
8,36.156628,30.341024,49.456467
9,35.598988,30.488758,49.312717
10,35.581,29.986366,49.466484
11,35.675934,30.850367,49.24903
12,36.01731,30.576927,49.377094
13,35.770054,30.59103,49.643764
14,35.96324,30.562311,49.272343
15,35.94452,30.551886,49.620758
16,35.75704,30.549154,49.057552
17,35.464523,30.836956,49.269466
18,35.413242,30.36154,50.043015
19,35.791046,30.739225,48.907867
20,36.082844,30.66125,49.6485
21,35.94341,30.335648,49.54274
22,36.22105,30.21426,49.54006
23,35.563118,30.550482,49.433086
24,35.729954,30.602577,49.213352
25,35.825928,30.32249,49.27223
26,35.793606,30.69254,49.07179
27,35.655052,30.831427,49.05364
28,35.660225,30.438742,49.197945
29,35.91336,30.443323,49.597454
30,35.858917,30.811426,48.919487
31,36.06854,31.065504,49.240166
32,35.85179,30.55267,49.26949
33,36.14857,30.823305,49.3339
34,35.90038,30.53927,49.283035
35,36.12645,30.503819,49.762463
36,35.79439,30.393366,49.075733
37,35.86774,30.629118,49.37518
38,35.786198,31.178364,49.545296
39,35.646362,30.4977,49.472137
