atom_id,x,y,z
0,39.504475,30.282135,51.509716
1,39.827164,29.642492,52.092426
2,39.43913,29.708513,51.88353
3,39.683067,30.203825,51.228615
4,39.35104,30.144402,51.63331
5,39.216476,29.942543,51.73613
6,39.159164,30.068348,50.77395
7,39.644943,29.899647,50.850178
8,39.415134,29.059912,51.432602
9,39.289692,30.029016,51.46838
10,39.23103,29.528112,51.55154
11,39.331367,29.91004,50.909443
12,39.27048,29.761244,51.100624
13,38.91991,29.721485,50.733234
14,38.935844,29.727325,51.02478
15,39.202732,29.651861,50.954227
16,39.111694,29.886648,50.94669
17,38.991314,29.517847,51.169827
18,39.40876,29.827787,51.155354
19,39.11412,29.72651,51.125668
20,39.764206,30.10769,51.043095
21,39.264782,29.749569,50.71012
22,38.86272,29.617887,50.820515
23,39.01426,29.898298,50.304146
24,39.146717,30.003021,49.89936
25,39.206326,29.88705,50.300274
26,39.802635,29.799376,49.987247
27,39.535034,30.008133,51.064888
28,39.118942,29.674091,51.275925
29,38.73904,29.503117,51.04344
30,39.544914,29.931297,51.073776
31,39.38113,30.14845,51.280598
32,38.857132,29.974274,50.81546
33,38.66209,30.121815,51.159885
34,38.73644,29.631205,51.1823
35,38.809723,29.767029,51.485237
36,39.18874,30.158663,51.624847
37,39.169704,29.66533,50.767284
38,39.469612,29.738344,50.487736
39,38.907585,29.954529,51.030045
