atom_id,x,y,z
0,37.6376,29.904272,51.055782
1,38.10081,29.740126,51.218777
2,37.870728,30.203835,51.681667
3,37.609535,29.757599,50.89556
4,37.70133,29.96502,51.05641
5,38.098747,29.501375,51.14122
6,38.382378,29.725492,51.6797
7,37.846962,29.558052,51.62823
8,37.368603,29.548925,51.5064
9,37.071404,29.815617,51.29952
10,37.720894,29.807251,51.125114
11,37.355938,29.73494,51.0355
12,37.47155,30.039011,51.455433
13,37.81222,29.550127,51.449097
14,37.832203,29.934685,51.331398
15,37.485645,29.347898,51.189224
16,37.79029,29.684202,51.065567
17,37.369526,29.929893,51.300198
18,37.69261,29.86882,51.568962
19,37.54938,29.904188,51.01091
20,37.701702,30.154037,50.787273
21,37.604557,30.09719,51.198967
22,37.615566,29.775028,51.1799
23,37.660084,29.860712,51.200912
24,37.259262,30.029297,51.291622
25,37.70925,29.748787,51.34359
26,37.641205,30.068544,50.9193
27,38.09487,29.731546,51.14493
28,37.965633,29.891443,51.440727
29,37.630226,30.089544,51.4156
30,37.754143,29.758825,51.496716
31,37.816246,29.806728,51.58608
32,37.07856,29.87843,51.021896
33,37.121002,29.868544,51.08359
34,37.108734,29.534174,51.622074
35,37.11891,30.042192,51.610474
36,37.195686,29.182291,51.399708
37,37.207386,29.835493,51.445187
38,37.771137,29.680538,51.59391
39,38.11336,30.159292,51.34015
