atom_id,x,y,z
0,37.37148,33.15791,50.31975
1,37.04934,33.27363,50.949863
2,36.909187,33.010002,50.300823
3,37.36718,32.838665,50.62434
4,36.9977,32.595,49.81738
5,36.98727,33.20036,50.04547
6,37.008232,32.76895,50.54514
7,37.408386,33.195293,50.669598
8,37.044918,33.46789,50.36432
9,37.198235,33.559494,50.95501
10,36.801304,33.327095,50.669422
11,36.99452,33.420067,50.952927
12,36.87534,33.21098,50.241806
13,37.111843,33.37781,51.31032
14,36.96526,33.457092,50.67555
15,37.035522,33.3375,50.929535
16,37.402046,33.186306,50.7846
17,37.217335,33.095615,50.66327
18,37.272903,33.48462,50.41388
19,37.20854,33.485363,50.368656
20,37.151382,33.26464,50.574463
21,37.236702,33.246593,50.61195
22,37.45352,32.977562,50.932663
23,37.451595,33.27767,51.07821
24,37.202366,33.41841,51.079456
25,37.435207,33.29243,51.530933
26,38.073742,32.76668,51.04835
27,37.030136,33.232018,50.69393
28,36.921696,33.166405,50.534016
29,37.150116,33.176567,51.040386
30,37.19164,33.13375,50.70294
31,37.64849,33.323227,50.778915
32,37.97198,33.373722,51.265957
33,37.894512,33.2715,50.86142
34,37.23281,33.173748,51.228382
35,36.814663,33.488598,50.76814
36,37.19968,33.362938,50.66787
37,37.528164,34.009506,50.85819
38,37.84329,33.310158,50.7586
39,37.189896,33.24433,50.46613
