atom_id,x,y,z
0,39.215252,30.071198,50.789642
1,39.37917,30.076767,51.622417
2,39.117374,29.66883,50.882576
3,39.080025,29.901352,50.600967
4,39.010826,29.820255,51.05012
5,38.73045,29.59415,50.971783
6,39.148888,29.925545,50.545967
7,39.143173,29.862835,51.23013
8,39.047253,30.045675,50.94167
9,38.91447,29.834867,51.300327
10,39.01992,29.579908,50.692883
11,39.017616,29.74107,51.128017
12,38.67815,29.228012,51.380226
13,39.03225,29.729488,51.610752
14,39.120934,29.992235,51.50172
15,39.45696,29.800013,51.3212
16,39.072033,29.775108,51.06761
17,39.372692,30.122272,50.965763
18,39.232956,29.748789,51.58871
19,39.046516,29.666258,51.452923
20,38.732857,29.830904,51.39323
21,38.998577,29.735025,51.832165
22,39.201447,29.516804,51.553905
23,38.489758,28.912697,51.538017
24,39.105934,29.362524,51.774616
25,39.17962,29.75064,51.240135
26,38.93145,30.214676,51.443615
27,38.984524,29.8966,51.46807
28,39.019714,29.934605,52.072422
29,38.874203,30.048235,51.596264
30,39.69769,29.555115,51.448193
31,39.522346,30.100323,51.309296
32,39.066334,29.133135,51.220703
33,38.93568,29.725697,51.334877
34,39.017715,29.055643,50.992256
35,39.273235,29.480581,51.67565
36,38.941994,29.747158,51.372803
37,39.524822,29.637465,51.540478
38,39.182285,29.102236,51.22256
39,39.20517,28.94341,51.45153
