atom_id,x,y,z
0,39.222733,30.137453,51.562073
1,39.271847,30.5822,50.721645
2,39.121536,30.484772,50.84261
3,38.901684,30.020786,50.817383
4,39.44332,30.210781,50.137505
5,39.06652,30.270325,50.050446
6,39.267174,30.428629,51.051453
7,38.91593,30.25263,50.879642
8,39.200977,29.886564,50.469296
9,38.910366,30.728828,50.68206
10,38.520916,30.543161,50.371346
11,38.868694,30.3043,50.260002
12,39.17855,30.52887,50.46941
13,39.136448,30.13974,50.443214
14,38.99015,30.588137,50.999874
15,38.495037,30.363375,50.464832
16,39.170002,30.51642,50.755943
17,39.01092,30.341955,50.760754
18,38.447018,30.662264,50.713707
19,38.5975,30.25712,50.67283
20,38.815353,30.638649,50.470062
21,38.49759,30.450125,50.36163
22,38.5266,30.621426,50.3025
23,38.351643,30.665909,50.032616
24,38.40134,30.51308,50.339176
25,38.373077,30.383673,50.864735
26,38.116264,30.26055,50.76915
27,38.246723,30.198626,50.72693
28,38.723373,29.564972,50.86086
29,38.49843,29.665714,50.641743
30,38.75732,30.710903,50.487858
31,38.583862,29.96756,50.502205
32,38.662483,30.339008,50.791607
33,39.09199,30.406162,50.897793
34,38.719494,30.201038,50.519424
35,38.946808,30.611408,50.317677
36,39.040623,30.794037,50.71036
37,38.916847,30.469604,50.92475
38,38.779633,30.52988,50.421894
39,39.061348,30.54949,50.87317
