atom_id,x,y,z
0,38.42226,30.942625,50.839565
1,37.29394,29.82954,51.49665
2,37.982998,29.670181,51.67075
3,37.740086,30.309036,51.33651
4,37.663925,30.186878,51.265434
5,38.03981,29.974138,51.16969
6,37.80834,29.99724,51.31582
7,37.756607,30.377647,51.11071
8,37.880627,30.43444,51.490368
9,37.295074,30.357607,51.64443
10,37.92353,30.165785,51.09391
11,37.082226,29.870743,51.032154
12,37.213024,30.104572,51.209396
13,36.948586,30.589777,50.86288
14,37.729713,30.644903,50.661728
15,37.626385,30.386223,50.385685
16,38.305145,29.892399,51.212784
17,37.833046,30.081713,51.317944
18,37.989655,30.04725,51.536453
19,38.119907,30.097818,51.396202
20,37.888943,29.728914,51.420372
21,38.170033,29.703526,51.24639
22,38.20969,29.98237,51.532024
23,38.511845,30.28164,50.871986
24,38.418503,29.880016,51.754593
25,38.753635,30.04768,51.679092
26,38.59809,30.188976,51.400608
27,38.828575,30.05627,50.74045
28,37.996803,30.026815,51.572624
29,38.656376,29.856474,51.158455
30,38.215527,30.192879,51.256084
31,38.083897,30.306475,51.045975
32,38.154472,30.571606,50.876415
33,38.36886,30.400604,51.18026
34,38.261997,30.360325,51.472836
35,38.104435,30.013918,51.89286
36,38.520924,30.164722,51.101685
37,37.945267,30.625286,50.60908
38,38.22494,30.236584,51.215782
39,38.34097,30.010715,51.64218
