atom_id,x,y,z
0,36.71872,29.690063,48.363712
1,36.718357,29.513304,48.397205
2,36.53168,29.371843,48.595905
3,35.880806,29.376635,48.338852
4,36.01556,29.369318,48.37847
5,36.52124,29.41151,48.659904
6,36.426785,29.392183,48.656445
7,35.965,29.397533,48.544014
8,36.360188,29.754831,48.669823
9,35.97406,29.012066,48.675426
10,36.017986,29.334425,48.764137
11,35.647995,29.315199,48.537117
12,36.066185,28.910276,48.578297
13,36.431725,29.851065,48.701313
14,35.904106,29.107998,48.300495
15,36.550552,29.254902,48.708134
16,36.07851,29.448622,48.534966
17,36.116207,29.480856,48.651608
18,35.951145,29.267624,48.8887
19,35.935226,29.461653,48.743305
20,36.72111,28.748463,48.96548
21,36.098656,28.979216,48.906467
22,36.45932,29.351171,48.606373
23,35.504997,29.284016,48.700348
24,36.574276,29.121576,48.78837
25,36.115795,29.443766,48.58137
26,35.856617,29.424932,48.367584
27,36.148865,29.405458,48.835384
28,36.55433,29.804127,48.650623
29,36.64525,29.445618,48.49666
30,36.40638,29.567062,48.44532
31,35.89955,29.182894,48.766468
32,35.974915,29.487846,48.415855
33,36.214066,29.059067,48.930923
34,36.365368,29.171854,48.28765
35,36.13765,28.939827,48.430325
36,36.66744,29.548695,48.738094
37,36.4741,29.31725,48.58763
38,37.121193,29.589828,48.964878
39,36.75014,29.30466,48.56651
