atom_id,x,y,z
0,37.894806,30.016571,51.362183
1,37.528294,29.83754,51.379696
2,38.247738,29.431406,51.41859
3,37.543545,29.959776,51.54291
4,37.701378,29.338394,51.036808
5,38.386986,29.392199,51.35794
6,37.86298,29.709936,51.493584
7,37.86436,30.03058,51.834187
8,38.012596,29.82544,51.439693
9,38.051044,29.926937,51.376648
10,38.089355,30.121859,51.69454
11,38.064194,29.614733,51.34563
12,37.763912,29.820923,51.250874
13,37.319332,30.18537,51.328636
14,37.68278,29.749609,51.468872
15,37.932076,30.047731,51.764435
16,37.80721,30.040432,51.344364
17,37.417156,30.10989,51.56943
18,37.45711,30.061123,51.52255
19,38.047676,30.079313,51.48034
20,37.84272,29.844374,50.9118
21,37.829113,29.653631,51.31262
22,37.89995,29.68871,51.538456
23,37.35875,29.607542,51.741333
24,37.498283,29.812134,51.509865
25,37.742737,29.591259,51.237484
26,37.681293,29.507814,51.092056
27,37.606636,29.566622,51.530224
28,38.297417,29.689434,51.149994
29,38.04168,30.067982,51.2609
30,37.41015,29.818615,51.08882
31,37.8054,29.040512,51.229366
32,38.11445,29.861034,50.844387
33,38.46723,29.620739,51.11978
34,38.639423,29.879381,51.5042
35,38.717896,29.879913,51.481865
36,38.45252,29.716118,51.426594
37,37.518562,29.690977,50.84805
38,38.09253,29.785997,51.694748
39,37.879047,29.56992,51.69887
