atom_id,x,y,z
0,38.47367,30.084454,51.384415
1,37.779934,30.240047,51.989826
2,38.17433,29.822758,51.382465
3,37.52744,30.365961,51.192623
4,37.952663,30.200426,51.26926
5,38.170708,29.886896,52.037895
6,38.144096,29.996183,51.013115
7,37.691044,30.392422,51.378536
8,38.172092,30.04097,51.568737
9,37.731915,29.990837,51.4992
10,37.844463,30.252419,51.55441
11,37.437042,30.655558,51.49414
12,37.684135,29.529247,51.725513
13,37.88011,29.811743,51.10797
14,37.849277,29.97769,51.030647
15,37.088783,30.228546,51.699978
16,37.68191,29.973392,51.44074
17,37.57153,30.221102,51.487778
18,37.911716,29.814425,51.15419
19,38.31633,30.148508,51.18354
20,38.55692,29.885761,51.49653
21,38.684666,30.194729,51.54273
22,38.545322,29.923222,51.07809
23,38.77359,29.968538,51.083714
24,37.85723,30.180271,51.120117
25,38.602425,30.321674,51.43475
26,38.265175,30.384714,51.451073
27,38.27436,30.218018,51.07903
28,38.129906,29.75484,51.024326
29,38.26876,30.39455,50.882843
30,39.06894,30.408886,50.373615
31,38.738922,30.092924,50.9521
32,38.1539,30.080149,50.889923
33,38.601536,29.75968,50.800335
34,38.47598,30.009378,50.960453
35,37.962173,30.27192,50.597645
36,38.64496,29.836815,51.10586
37,38.39844,30.454596,51.338398
38,37.757423,30.460693,51.1231
39,37.584972,29.667543,51.57661
