atom_id,x,y,z
0,35.898468,30.721643,49.642387
1,36.144264,31.48323,49.706623
2,36.05621,31.20231,49.638912
3,36.19962,31.220865,49.514595
4,35.927666,30.98769,50.078583
5,36.48415,30.984613,50.130157
6,35.917835,31.124138,49.259857
7,35.87269,31.406895,50.055454
8,36.24759,30.861166,49.913322
9,36.139046,31.025108,49.758156
10,36.39294,30.859325,49.487835
11,35.861523,31.272104,50.02645
12,36.154316,30.986116,49.748695
13,36.119114,31.097464,50.075104
14,35.86307,30.958633,50.21426
15,36.032658,31.228561,49.81311
16,35.67242,31.850954,50.400986
17,35.67955,31.60719,49.89012
18,35.813526,31.048777,50.015812
19,36.12247,31.558487,49.80683
20,36.637615,31.17108,49.610786
21,36.936104,30.371653,49.384506
22,36.310143,31.285517,49.74152
23,36.453403,31.345446,49.689907
24,36.235672,31.111265,49.838345
25,35.727375,31.659754,49.808018
26,36.468704,31.29173,49.80609
27,36.637257,31.578295,49.52232
28,36.45105,31.1863,50.27248
29,36.523125,31.551308,49.394382
30,37.057735,31.960217,49.812386
31,36.38001,31.1586,50.51324
32,37.120018,31.072306,49.470497
33,36.396713,31.066748,49.640205
34,36.52685,31.394352,49.80795
35,36.915054,31.799337,49.28323
36,36.3488,31.417437,49.757183
37,36.22548,31.385092,49.96879
38,36.288696,31.401558,49.735546
39,36.29093,31.33312,50.25857
