atom_id,x,y,z
0,37.82891,29.906605,51.30451
1,38.367992,29.717386,51.423485
2,38.0306,29.644138,51.67339
3,38.10336,30.831467,50.582294
4,38.22116,30.316828,51.23703
5,38.388466,30.258917,51.383736
6,37.609985,30.042227,51.16877
7,37.804695,30.251066,51.64065
8,38.193886,30.39168,51.07368
9,38.543457,30.113691,51.231476
10,37.807434,30.289621,50.834927
11,37.898647,30.123802,51.163208
12,37.952374,30.307037,51.164352
13,38.139343,30.102165,51.37348
14,38.100822,30.109024,51.339935
15,38.065704,30.035112,51.29191
16,37.482292,29.996664,51.310856
17,37.314438,30.3848,51.24618
18,37.94418,30.118006,51.53105
19,37.64958,29.96431,51.370876
20,37.919823,30.317938,51.210964
21,37.50181,30.18197,51.47823
22,37.489876,30.142357,51.260967
23,37.622475,29.97836,51.566223
24,37.683025,29.735239,51.721428
25,37.0292,30.120897,51.162422
26,37.644894,30.28207,51.6825
27,37.69724,30.01967,51.352474
28,38.379494,29.708164,51.281467
29,38.07802,29.34271,51.311844
30,37.45775,30.158966,51.264004
31,38.26935,29.863379,51.00606
32,38.104465,29.490076,51.33658
33,38.418915,29.97269,51.49203
34,38.03479,29.814852,51.29938
35,37.77984,30.496113,51.13312
36,37.687206,30.348146,51.13992
37,38.31729,30.405378,50.96539
38,38.336685,30.34055,51.41122
39,38.20784,30.151154,51.565166
