atom_id,x,y,z
0,38.78232,31.175106,49.68994
1,38.78481,31.459213,49.446434
2,37.79894,30.249958,48.954224
3,38.083855,30.75732,49.81625
4,37.954235,31.002577,49.2827
5,38.71813,30.997564,49.401894
6,37.603775,31.019289,47.892082
7,37.673676,30.77483,48.04654
8,38.4756,30.352613,50.08604
9,38.677876,31.054153,49.792118
10,38.261753,30.76364,49.91998
11,38.18845,30.667368,49.63562
12,38.265316,30.30331,49.947655
13,38.32737,30.63191,48.80061
14,38.661697,30.479229,49.61397
15,38.634365,30.751133,49.150066
16,38.955814,30.67723,49.604145
17,38.181923,30.525095,49.211834
18,38.198383,31.19769,49.143787
19,38.637833,31.337574,49.314686
20,37.87968,30.337992,49.429142
21,39.33326,31.6471,49.0915
22,38.507694,30.977373,49.617935
23,37.957447,31.19189,49.571896
24,37.976933,30.900331,49.826443
25,38.200706,31.061583,49.79951
26,38.119934,30.801632,49.863117
27,38.42302,31.109352,49.70342
28,38.401985,30.780527,49.74099
29,38.74483,31.476896,49.54057
30,37.52998,31.381178,49.60243
31,38.120766,31.02139,49.846184
32,37.881657,31.022377,49.501053
33,38.231773,30.42694,50.077156
34,37.946987,30.618425,49.520588
35,37.759583,30.915474,49.14055
36,38.268475,30.99651,49.304176
37,38.719383,30.794079,49.753277
38,38.490242,30.58299,49.310642
39,38.288273,30.634953,49.061653
