atom_id,x,y,z
0,37.65592,30.438929,48.89918
1,37.691124,30.398695,48.814846
2,37.299477,31.097425,48.207783
3,38.18175,30.398893,49.46429
4,38.18149,30.703558,49.102818
5,38.020046,30.446459,49.341152
6,38.1949,30.447695,49.237392
7,37.156162,30.746124,48.565517
8,37.43785,30.646025,48.699467
9,38.427288,30.699585,49.12562
10,38.29286,30.76408,49.679092
11,37.64492,30.818428,48.78962
12,38.294113,30.07999,49.195885
13,38.121944,30.3505,49.39873
14,38.103943,30.347553,49.232426
15,38.090004,30.473003,49.340508
16,37.622086,30.386456,49.16475
17,38.473347,30.525652,48.7401
18,38.54416,30.25829,49.378735
19,38.054882,30.262663,49.598194
20,37.303703,30.998478,48.94133
21,38.395676,30.563738,49.54009
22,38.62611,30.2072,49.378048
23,38.425884,30.681011,49.26977
24,38.305347,30.701567,49.495415
25,38.331192,30.7837,49.123665
26,38.272984,30.335974,49.045937
27,38.364674,30.660141,49.279583
28,38.099487,30.45179,49.22938
29,38.110497,30.535126,49.37653
30,37.89543,30.563015,49.142727
31,37.862133,30.55597,49.013462
32,38.732723,30.65799,49.322807
33,38.204315,30.224487,49.252
34,37.896244,30.183527,48.92082
35,38.2203,30.778385,49.662315
36,37.865215,30.689867,49.344204
37,38.561707,30.457348,49.388412
38,38.00765,29.901648,48.937286
39,36.85421,30.618683,48.146107
