atom_id,x,y,z
0,38.16695,30.908566,49.12702
1,38.05617,30.970783,49.16213
2,38.132324,30.93639,49.407093
3,37.80614,30.840202,48.99602
4,37.416496,30.802126,48.138496
5,37.973362,31.165873,49.06769
6,36.95766,31.429129,48.69911
7,37.960323,31.215584,49.782627
8,37.662888,31.034395,49.12807
9,37.503536,30.588947,49.624466
10,37.4845,30.888102,49.377296
11,37.543804,31.06289,49.219402
12,36.770733,31.675617,48.302742
13,36.86116,31.707432,48.05078
14,36.836708,31.892063,47.84098
15,37.46015,30.84465,49.25534
16,38.082226,30.70581,49.353077
17,37.790092,31.113907,49.256603
18,38.293854,31.177055,49.30079
19,37.999584,31.226868,48.90853
20,37.686436,31.141071,49.12146
21,37.67387,30.757801,49.467693
22,37.785587,30.320732,49.22816
23,37.39771,30.605268,49.400234
24,37.072643,30.841043,48.478657
25,37.757225,30.813507,49.145424
26,38.018883,31.070488,49.888954
27,37.37218,30.789204,48.583706
28,38.27428,31.007818,48.929615
29,36.938168,32.85447,47.47676
30,35.97416,32.75547,48.21456
31,37.654705,31.238365,48.963566
32,37.238987,30.783043,49.244064
33,37.92869,30.940786,49.324654
34,37.76586,31.064255,48.735508
35,38.01696,31.045322,48.89439
36,37.90504,30.771255,48.66058
37,37.24399,30.840998,48.88347
38,37.912003,30.706266,49.10741
39,38.093174,31.128963,49.33745
