atom_id,x,y,z
0,39.365894,30.565332,49.429714
1,38.70072,30.605688,49.654625
2,38.76334,31.03475,49.126247
3,38.01323,30.304613,49.369316
4,38.293133,30.323002,49.30005
5,38.025074,31.027445,49.210094
6,38.572365,30.972706,49.48375
7,38.469418,30.964844,49.450916
8,38.27365,30.55482,49.343193
9,37.98721,30.961851,49.24136
10,38.280514,31.23079,49.520912
11,38.287,31.054901,48.926388
12,38.57603,31.008091,49.131645
13,38.01737,30.850441,49.277702
14,38.06811,31.153082,49.577744
15,38.194527,30.758303,49.30055
16,37.90435,31.045322,49.434433
17,38.017536,30.752695,49.14783
18,37.622948,31.332497,48.94617
19,37.668995,30.908998,49.30324
20,38.250885,31.109402,48.992744
21,38.349113,31.557112,49.144173
22,38.46308,31.036617,49.292007
23,38.236816,30.966293,49.30322
24,38.214493,30.802885,49.033424
25,37.38492,31.291933,49.33928
26,38.390686,30.790024,49.211708
27,38.04958,30.922659,49.570312
28,38.02183,30.742474,49.75643
29,38.208553,30.74818,49.221672
30,38.327515,31.023718,49.601665
31,38.0431,31.010803,49.32441
32,38.381542,30.803976,49.800346
33,38.606018,31.231497,49.48496
34,38.184303,31.176428,49.4198
35,37.78275,30.667774,49.16573
36,37.863255,30.861162,49.706894
37,38.23011,31.270927,49.406414
38,38.01535,30.822077,49.260494
39,38.335087,31.194012,49.68625
