atom_id,x,y,z
0,37.37926,31.203756,49.79027
1,38.600063,31.199045,49.725655
2,37.866207,30.861483,49.548187
3,38.191113,31.085321,49.168087
4,37.669754,30.957285,49.16494
5,38.190247,31.341534,49.764523
6,38.526386,30.65303,49.64173
7,38.455795,30.481783,49.966713
8,38.060677,30.506239,49.42967
9,38.675385,30.866503,49.330746
10,38.219696,30.907833,49.104347
11,38.24946,31.070847,49.26503
12,38.17329,31.31348,48.960136
13,37.865273,31.260584,49.07603
14,37.671642,31.111359,48.861984
15,38.419754,30.546843,49.477444
16,38.031124,31.138168,49.233467
17,38.30537,31.248913,49.30122
18,38.25045,30.54323,49.38722
19,38.414192,31.115028,49.41511
20,37.69944,30.981928,48.726547
21,38.73405,30.929518,49.43008
22,38.08489,30.827148,48.96449
23,37.88043,31.172863,49.214962
24,38.246326,30.98539,49.148663
25,37.973957,30.949667,49.44274
26,37.89374,31.157137,49.466545
27,38.328228,31.249168,48.95719
28,39.124092,31.17901,49.156513
29,38.654716,30.786919,49.623135
30,38.395245,31.270687,49.337593
31,38.289253,30.651165,49.38915
32,38.064182,30.640265,49.341343
33,38.455746,31.07,49.725075
34,38.17784,30.686747,49.394627
35,38.947266,30.866814,50.10541
36,37.914352,31.130487,49.242455
37,38.59901,30.952993,49.234398
38,38.337578,30.444578,49.25104
39,38.166145,30.795645,49.16624
