atom_id,x,y,z
0,37.95715,30.596273,49.26489
1,37.532814,30.739843,49.42573
2,37.967075,31.030672,49.554
3,36.808723,31.75833,48.32093
4,38.35744,30.624205,49.775425
5,38.09245,30.308516,49.68684
6,37.57955,30.795868,49.656544
7,38.156116,30.96132,49.66751
8,38.356453,31.09227,49.558876
9,38.044548,30.609976,49.362488
10,38.021503,30.96028,49.65995
11,37.825184,31.081617,49.28896
12,37.66465,30.972366,49.383064
13,38.01014,30.852766,49.53111
14,37.98594,30.521112,49.83437
15,37.937717,30.926052,49.53985
16,38.05535,30.575909,49.637405
17,38.21303,30.793161,49.62142
18,37.445766,30.633028,48.909206
19,38.307327,30.73889,49.620544
20,37.72099,30.623528,50.049538
21,38.098766,30.897139,50.038876
22,37.99344,30.751469,50.301548
23,37.34663,31.36886,48.309086
24,37.278095,31.415527,48.1868
25,38.24427,30.706211,50.044914
26,38.131134,30.315922,49.765118
27,37.818314,30.594769,50.39194
28,38.228218,30.886467,50.077408
29,38.213326,30.92928,49.920795
30,38.160225,30.50442,49.71879
31,38.330406,30.823582,49.389187
32,37.895496,30.651758,49.545513
33,39.144657,30.526566,50.147404
34,37.671085,32.013405,47.822647
35,36.980865,31.563972,48.000866
36,37.756577,30.285433,50.324944
37,38.22724,30.894703,49.74195
38,38.026936,30.599274,49.23302
39,38.387928,31.065615,49.754414
