atom_id,x,y,z
0,37.913006,30.664553,49.138042
1,38.43093,30.67015,49.65391
2,38.348686,30.438662,49.318035
3,38.05116,30.771368,49.18137
4,37.738064,30.559319,48.898148
5,38.166008,30.192247,49.50433
6,37.884663,30.640797,49.457413
7,37.808315,30.42348,49.10775
8,37.899567,30.434874,49.49118
9,38.360416,30.80329,49.57016
10,38.394382,30.814035,48.96115
11,38.91242,30.514023,49.46881
12,38.510277,30.80201,49.400852
13,38.34893,30.306711,49.610947
14,38.217106,30.656807,49.22202
15,37.92665,30.833134,49.00449
16,38.937977,30.986008,49.218002
17,38.135895,31.009586,49.19914
18,37.851204,30.81899,48.979645
19,37.687008,30.669641,48.832344
20,38.283752,30.80073,49.24549
21,37.943577,30.689829,49.26317
22,37.870766,30.621426,48.964466
23,37.72693,30.650665,49.405613
24,38.468704,30.795618,49.641182
25,38.102154,31.006361,49.496136
26,38.525707,30.71907,49.35999
27,38.251232,30.83414,49.37472
28,38.1752,30.304298,49.54523
29,37.892994,30.670345,49.672462
30,38.00095,30.656082,49.43092
31,38.148148,30.67135,49.203793
32,38.27986,30.480608,49.476498
33,37.984272,30.373592,48.921703
34,38.50561,30.912367,49.63383
35,38.70152,30.824781,48.833508
36,37.806763,30.606945,48.88198
37,38.535538,30.857384,49.1958
38,37.918163,30.521852,49.156746
39,38.215508,30.598183,49.06374
