atom_id,x,y,z
0,38.298218,30.773178,49.1234
1,37.825916,30.70045,49.32433
2,37.901943,30.932592,49.100735
3,37.850273,31.021008,49.088017
4,37.86727,31.107283,48.83209
5,37.988037,31.351336,49.40514
6,38.22545,30.947071,49.547115
7,37.995712,30.80623,49.590897
8,37.851727,31.040808,49.527966
9,38.399826,31.10557,49.486538
10,38.120274,30.948942,49.31127
11,38.289867,30.930416,49.447582
12,37.486183,30.614185,49.254353
13,38.11418,31.087847,49.285187
14,37.867897,30.220095,49.43576
15,37.71865,30.660646,49.20072
16,37.935654,30.768677,49.547565
17,38.31523,30.7323,49.358944
18,37.394836,31.124659,48.10555
19,38.215977,30.986502,48.835236
20,38.304775,31.08134,49.28345
21,37.901897,30.791128,49.33919
22,38.495815,31.383205,48.929234
23,38.56576,30.8801,49.057644
24,36.97109,31.0142,48.95528
25,37.636513,30.675571,49.30744
26,38.069233,31.180218,49.400715
27,37.465927,30.799082,49.43785
28,37.59907,30.81842,49.14873
29,37.37441,30.910746,49.272503
30,38.128105,30.965063,48.71263
31,37.663795,30.95798,49.048035
32,37.6191,30.502146,49.072662
33,37.923046,30.375538,49.49448
34,37.84759,31.172012,49.14049
35,38.10483,30.888956,49.496372
36,37.453796,30.504482,49.164726
37,37.886738,31.092142,48.62434
38,37.87527,30.243824,48.940132
39,37.91092,30.863253,49.408096
