atom_id,x,y,z
0,38.000935,31.071796,49.482323
1,37.168262,32.029934,48.071518
2,37.73692,31.151392,49.447163
3,38.732746,31.172424,49.953636
4,38.533363,30.682304,49.341232
5,37.639477,30.505205,49.505676
6,37.919765,30.360046,49.91607
7,37.520123,30.73802,49.30033
8,36.7018,31.241695,48.503258
9,38.068764,30.668325,49.62619
10,38.07701,31.375938,49.54886
11,37.02999,31.863657,47.85163
12,38.254128,31.927734,47.421017
13,37.77199,30.426449,48.858612
14,38.416077,31.063038,49.409454
15,37.279068,30.471024,48.299686
16,38.13566,31.15653,49.63805
17,38.189,30.924398,49.806385
18,37.880337,30.93031,49.478764
19,38.158012,31.20111,49.545113
20,37.535286,30.707493,50.285
21,37.661854,30.79771,49.849697
22,38.25792,30.77627,49.831505
23,37.79531,30.541632,49.994457
24,37.970554,30.689539,49.8581
25,37.681847,31.115505,49.08028
26,37.732418,30.65882,49.472588
27,38.2335,30.850603,49.317024
28,38.25718,31.45758,50.16092
29,38.32304,31.12996,49.8006
30,37.88379,30.9989,49.670795
31,37.70143,31.044846,49.081818
32,37.636055,31.230396,49.5355
33,37.846222,30.615583,49.127777
34,37.69662,31.27712,50.246746
35,37.850544,31.393843,49.703197
36,37.940853,31.641409,49.97079
37,38.044506,31.437843,49.766937
38,37.99942,31.100027,50.72903
39,37.478546,31.626963,49.557568
