atom_id,x,y,z
0,38.489525,30.572184,48.875412
1,38.770195,30.34363,49.155754
2,37.698963,30.651264,48.49222
3,38.481834,30.450808,48.927002
4,38.086086,30.339516,49.65275
5,38.32587,30.242384,49.336544
6,38.263966,30.060091,49.270283
7,37.850258,30.588036,49.697895
8,38.300774,30.238665,49.77116
9,38.453087,30.367111,49.394028
10,38.16737,30.45452,48.60214
11,38.36863,30.134043,49.39139
12,38.22715,30.540535,49.342197
13,38.055973,30.05183,49.214554
14,38.178413,30.449438,49.498363
15,37.89457,30.051826,49.772846
16,38.015083,30.192587,49.304886
17,37.589176,30.578402,48.17154
18,37.35981,30.509283,48.795567
19,38.66623,30.456598,49.41316
20,38.652874,30.403727,49.285717
21,38.72054,31.063457,49.461403
22,38.685337,30.801357,49.18436
23,37.967655,30.777288,48.70208
24,38.183163,30.94185,48.816036
25,38.771202,30.922604,48.98492
26,38.401806,30.713123,49.10316
27,37.771645,30.870441,48.634857
28,38.49717,30.983736,48.718124
29,37.840347,31.000994,48.53662
30,37.626213,31.110313,48.441322
31,37.89433,30.379454,49.30984
32,38.483147,30.747923,48.891357
33,38.56212,31.63558,48.912193
34,38.167747,30.611242,49.08755
35,38.408207,30.442295,49.239964
36,38.232418,30.260479,49.214417
37,38.47597,30.63898,49.44402
38,38.987385,30.43764,49.746376
39,38.07279,30.660751,49.379616
