atom_id,x,y,z
0,37.784695,30.46321,49.139843
1,39.390133,31.286928,49.5653
2,37.186306,31.511019,48.50825
3,38.35589,30.906973,49.418713
4,37.96305,30.679842,49.713516
5,38.488304,30.800753,49.578365
6,38.696438,30.759161,49.741783
7,38.751423,30.697304,49.79205
8,38.60231,30.674335,49.362003
9,38.08093,30.731709,48.361828
10,38.662064,30.783072,49.672585
11,38.113747,30.66371,49.595894
12,37.98565,30.510994,49.620914
13,38.109684,30.910498,49.59094
14,38.311947,30.343521,49.04988
15,39.05827,30.573307,49.228096
16,38.02476,30.626596,48.91999
17,38.557148,30.866308,49.285606
18,38.322105,30.761318,49.1317
19,38.21162,30.694408,49.194733
20,38.246544,30.55546,49.04586
21,38.287243,30.938042,48.864998
22,37.953022,30.716688,49.48452
23,38.563007,30.803024,48.905987
24,38.1547,30.976988,49.21318
25,38.227203,30.922709,49.44398
26,38.339233,30.865698,49.29678
27,38.420853,30.55729,49.579292
28,38.373226,30.292633,49.58946
29,38.837524,30.95478,49.29388
30,38.528145,30.773901,49.274765
31,37.8513,30.564217,49.894104
32,37.934715,30.793076,49.285904
33,37.529507,30.520731,49.707706
34,38.510803,30.974827,49.593563
35,38.48573,31.054613,49.193966
36,38.335735,30.931961,49.349583
37,37.961086,30.394905,49.063427
38,38.415066,31.1728,49.82978
39,38.170235,31.377655,49.935616
