atom_id,x,y,z
0,38.81455,30.819065,49.729774
1,38.800777,30.767605,49.43851
2,38.65864,30.642754,49.265427
3,37.6219,32.538128,47.63701
4,38.428432,30.674963,49.204792
5,37.488613,30.596693,48.628525
6,38.384663,30.515444,49.892906
7,38.11486,30.684269,49.287952
8,38.21935,30.419737,49.554768
9,38.215145,30.660631,49.433975
10,38.074314,30.317686,49.004242
11,38.456825,30.62644,49.197327
12,38.042522,30.822464,49.60382
13,38.10754,30.406057,49.193302
14,38.44547,30.800482,49.283627
15,38.231346,30.867727,49.401024
16,38.00746,30.851738,49.286312
17,37.96716,30.457506,49.34063
18,38.14187,30.857553,49.15967
19,38.16832,30.56785,49.365704
20,38.28119,30.547005,48.824642
21,38.61727,30.57191,48.97508
22,38.322575,30.592064,49.33449
23,37.71164,30.806583,49.706383
24,38.52396,30.79941,49.183064
25,38.18102,30.503607,49.22789
26,37.649418,30.206192,49.265835
27,38.166527,30.64301,49.389656
28,38.246517,30.7234,49.86076
29,37.521545,31.070705,49.181465
30,37.89596,30.316399,49.292027
31,37.954247,30.40287,49.470524
32,37.99317,30.7511,49.308094
33,37.916317,30.477678,48.987003
34,37.693813,30.842363,48.705635
35,37.57725,31.068287,49.33621
36,38.016052,30.638832,49.470802
37,37.549713,30.909666,49.454475
38,38.694088,30.66523,49.107883
39,38.208683,30.701317,48.90867
