atom_id,x,y,z
0,38.33345,30.765846,49.10782
1,38.521637,30.31032,49.312004
2,38.00655,30.566874,49.645844
3,38.2808,30.882772,49.015274
4,37.72955,30.639902,49.447914
5,37.7044,30.48652,48.85786
6,37.687584,30.35008,49.553795
7,38.41013,30.70482,49.541264
8,37.675076,30.362171,49.221497
9,37.83414,31.905458,47.3216
10,37.670868,30.383259,49.013042
11,37.835365,31.241385,48.81586
12,38.05603,30.521128,48.19756
13,38.540627,31.124418,49.109108
14,37.735115,31.001291,48.894318
15,38.1881,30.869883,49.380676
16,38.51487,30.772722,49.41417
17,37.797623,30.797298,49.748165
18,37.446312,30.865484,48.53219
19,38.276463,31.449757,48.693546
20,38.03638,30.758133,48.934612
21,37.695744,30.647446,48.953587
22,38.02668,30.800928,49.261665
23,37.85678,30.612114,48.73121
24,38.42903,30.890497,49.40612
25,38.015705,30.586573,48.784374
26,38.300823,30.739635,48.84036
27,38.469822,30.95976,48.96094
28,37.798904,30.469484,49.425064
29,38.512005,30.645947,49.130875
30,38.06936,30.40063,49.246506
31,38.25557,30.959492,49.373486
32,37.63952,30.695444,48.85769
33,37.930992,30.615099,49.840733
34,38.15762,30.828896,49.007214
35,38.465355,30.523912,49.48161
36,37.63612,30.33455,48.57382
37,38.567432,31.015663,49.488693
38,38.104115,30.966003,48.92817
39,38.30638,30.744333,49.23293
