atom_id,x,y,z
0,38.55397,30.58946,49.360878
1,37.52232,31.127272,49.19856
2,37.661514,30.480192,48.674942
3,38.00585,31.11481,49.66373
4,38.44134,30.656658,49.14857
5,38.63764,30.52961,49.68055
6,37.711357,30.61147,48.75602
7,37.362885,31.101591,48.673405
8,37.277367,31.351162,48.54171
9,37.153797,31.278814,49.435566
10,37.66067,31.204134,49.475544
11,38.03445,30.954456,49.142178
12,37.90709,30.916107,48.70639
13,37.68187,30.887177,49.22406
14,38.676914,30.890556,49.07731
15,37.83258,30.85198,49.347168
16,37.560307,30.824509,48.788074
17,38.372517,31.061502,49.568962
18,37.68429,31.406588,48.650787
19,37.945457,30.666084,48.51189
20,37.96809,30.649714,49.1047
21,38.114227,30.710196,49.567963
22,38.365578,30.854208,49.106018
23,38.25529,30.82629,49.63688
24,37.881084,30.621067,48.987343
25,38.230698,30.520596,48.93934
26,37.696102,31.42943,48.501663
27,38.406677,30.449322,49.08948
28,38.10904,30.949024,49.056488
29,38.9874,31.19928,49.15166
30,38.10606,30.61989,49.301052
31,38.258224,30.78955,48.718468
32,38.510223,30.2557,49.068928
33,38.283745,30.821266,49.22324
34,39.12501,31.478401,48.975765
35,38.158184,30.018896,48.65285
36,38.501762,30.334202,48.939735
37,37.692223,30.345112,48.83314
38,38.192547,30.46393,48.396477
39,38.162067,30.45423,49.04619
