atom_id,x,y,z
0,38.12643,30.781118,49.38132
1,38.87394,30.37039,49.538876
2,38.19616,30.414375,49.519794
3,37.572964,30.477009,49.179783
4,37.767693,30.029118,49.303837
5,37.81207,30.419636,48.807545
6,38.303913,30.32552,49.092514
7,38.188034,30.576458,49.1711
8,38.76776,30.801311,49.184303
9,37.99143,30.648129,49.155704
10,38.925507,30.76846,49.136772
11,38.544548,30.70274,49.287098
12,38.35,30.766531,49.298306
13,38.52176,30.43273,49.033794
14,38.67948,30.989573,49.334232
15,38.45997,30.414276,49.24271
16,38.891422,30.528732,49.421814
17,38.199192,30.838345,48.859577
18,38.106182,30.526133,49.26248
19,38.831173,30.833128,48.81063
20,37.649124,30.632116,49.20602
21,37.963604,30.607662,49.09512
22,38.37905,30.662695,49.20963
23,38.268787,30.498215,49.668713
24,37.936783,30.961203,48.870987
25,38.455887,30.40202,49.533478
26,38.34503,30.427273,49.152477
27,37.7072,30.458357,49.350906
28,38.30124,30.553822,49.407394
29,38.493904,30.472315,49.331234
30,38.66031,30.450613,49.039425
31,38.242455,30.509024,49.320625
32,38.282364,30.304462,48.930584
33,38.14144,30.481287,49.024902
34,38.552246,30.412817,49.545933
35,37.910793,30.541336,48.951733
36,38.58239,30.47302,49.22509
37,38.427635,30.680458,49.15346
38,37.90656,30.406013,48.66226
39,38.14781,30.396873,49.26593
