Sequence,Level,Chain,Distance_to_node25
GPX6_level01_chainA,1,A,0.0200841187
GPX6_level02_chainA,2,A,0.0200841187
GPX6_level03_chainA,3,A,0.0206318797
GPX6_level04_chainA,4,A,0.0215456014
GPX6_level05_chainA,5,A,0.0225354999
GPX6_level06_chainA,6,A,0.023286736
GPX6_level07_chainA,7,A,0.02349108
GPX6_level09_chainA,9,A,0.0237395116
GPX6_level19_chainA,19,A,0.0238578206
GPX6_level14_chainA,14,A,0.0239250282
GPX6_level10_chainA,10,A,0.0242032734
GPX6_level17_chainA,17,A,0.024228722
GPX6_level08_chainA,8,A,0.0243235201
GPX6_level16_chainA,16,A,0.0243711399
GPX6_level15_chainA,15,A,0.0245805112
GPX6_level13_chainA,13,A,0.0248382716
GPX6_level18_chainA,18,A,0.0248526719
GPX6_level11_chainA,11,A,0.0253505878
GPX6_level12_chainA,12,A,0.0259730764
GPX6_level04_chainA(2),4,A(2),0.033749172
GPX6_level05_chainA(2),5,A(2),0.033749172
GPX6_level03_chainA(2),3,A(2),0.033749172
GPX6_level01_chainA(2),1,A(2),0.0340303268
GPX6_level02_chainA(2),2,A(2),0.0340303268
GPX6_level06_chainA(2),6,A(2),0.034833136
GPX6_level08_chainA(2),8,A(2),0.0355507736
GPX6_level09_chainA(2),9,A(2),0.0356406548
GPX6_level07_chainA(2),7,A(2),0.0358214967
GPX6_level10_chainA(2),10,A(2),0.0362814828
GPX6_level12_chainA(2),12,A(2),0.0367778875
GPX6_level11_chainA(2),11,A(2),0.0369059764
GPX6_level13_chainA(2),13,A(2),0.0373882073
GPX6_level14_chainA(2),14,A(2),0.0377863286
GPX6_level19_chainA(2),19,A(2),0.0383710602
GPX6_level15_chainA(2),15,A(2),0.0387235712
GPX6_level18_chainA(2),18,A(2),0.0390741058
GPX6_level20_chainA,20,A,0.0392552339
GPX6_level16_chainA(2),16,A(2),0.0397430682
GPX6_level17_chainA(2),17,A(2),0.0401385933
