Position,Mouse Residue,Cluster Label,Hydrophobicity,Hydrophobicity (Normalized),SASA (Normalized)
3,K,1,-3.9,0.06666666666666668,0.7268244294676709
4,S,1,-0.8,0.41111111111111115,0.5016759680214111
16,V,1,4.2,0.9666666666666666,0.29402652034221194
22,N,1,-3.5,0.1111111111111111,0.4530901758515137
24,I,1,4.5,1.0,0.8570413005408015
25,D,1,-3.5,0.1111111111111111,0.16683233627030725
27,G,1,-0.4,0.4555555555555555,0.7428139406126664
29,F,2,2.8,0.8111111111111111,0.9407339763695819
30,V,2,4.2,0.9666666666666666,0.8320190641908463
31,N,2,-3.5,0.1111111111111111,1.0
33,Q,1,-3.5,0.1111111111111111,0.15043775453958688
35,Y,1,-1.3,0.35555555555555557,0.16918664303701245
40,I,1,4.5,1.0,0.7369658868775496
47,S,1,-0.8,0.41111111111111115,0.5244113754193283
48,F,1,2.8,0.8111111111111111,0.7066714702428352
52,T,1,-0.7,0.4222222222222222,0.431964053566597
54,T,1,-0.7,0.4222222222222222,0.7719523884679261
60,T,1,-0.7,0.4222222222222222,0.4222566666292526
67,P,1,-1.6,0.3222222222222222,0.5291412543852614
69,N,1,-3.5,0.1111111111111111,0.11064431418206236
71,T,1,-0.7,0.4222222222222222,0.7594947706425866
74,G,1,-0.4,0.4555555555555555,0.7149380016589908
87,K,1,-3.9,0.06666666666666668,0.8973709543083077
99,R,1,-4.5,0.0,0.35799779664310016
102,G,1,-0.4,0.4555555555555555,0.7846973478363748
104,Y,1,-1.3,0.35555555555555557,0.09170815726788643
107,N,1,-3.5,0.1111111111111111,0.9383723305220031
119,D,1,-3.5,0.1111111111111111,0.742345871528381
120,N,1,-3.5,0.1111111111111111,0.2282784268323412
126,S,1,-0.8,0.41111111111111115,0.44128607554568156
137,E,1,-3.5,0.1111111111111111,0.8653000029458353
139,F,1,2.8,0.8111111111111111,0.4462000385508747
142,P,4,-1.6,0.3222222222222222,0.6555173678946861
143,E,4,-3.5,0.1111111111111111,0.3215169938137057
144,H,4,-3.2,0.14444444444444443,0.9720634312615329
148,D,1,-3.5,0.1111111111111111,0.3989296978436127
173,R,1,-4.5,0.0,0.1940381873622571
177,H,1,-3.2,0.14444444444444443,0.07960782754249274
178,T,1,-0.7,0.4222222222222222,0.5051604438356714
181,R,0,-4.5,0.0,0.7203187528121641
182,I,0,4.5,1.0,0.6728054465799332
184,Q,0,-3.5,0.1111111111111111,0.14044337846652927
188,M,1,1.9,0.7111111111111111,0.5650289407306974
192,N,3,-3.5,0.1111111111111111,0.0
194,T,3,-0.7,0.4222222222222222,0.3120496324543414
195,S,3,-0.8,0.41111111111111115,0.8471514575831199
