Atom1,Atom2,Distance (Å)
TYR48:N,SEC49:N,2.8054962
TYR48:N,ALA47:O,2.2216127
TYR48:N,ALA47:C,1.3091873
TYR48:N,ALA47:CB,2.9510493
TYR48:N,ALA47:CA,2.4215744
TYR48:N,SEC49:H10,2.3909795
TYR48:N,ALA47:H03,2.7866278
TYR48:N,ALA47:N,2.924998
TYR48:CA,SEC49:N,2.4524639
TYR48:CA,ALA47:O,2.7483008
TYR48:CA,ALA47:C,2.4353526
TYR48:CA,SEC49:H10,2.5963576
TYR48:C,SEC49:H01,2.7641678
TYR48:C,SEC49:CA,2.4494314
TYR48:C,SEC49:N,1.3179475
TYR48:C,SEC49:H02,2.826262
TYR48:C,SEC49:H10,2.0192862
TYR48:O,SEC49:H01,2.6797214
TYR48:O,SEC49:CA,2.812236
TYR48:O,SEC49:N,2.2086227
TYR48:O,GLN83:H05,2.9371252
TYR48:O,SEC49:H02,2.9616115
TYR48:CD1,PRO85:H05,2.9650407
TYR48:CE2,VAL98:H05,2.984797
TYR48:OH,VAL98:H05,2.5755045
TYR48:H01,SEC49:N,2.95034
TYR48:H01,ALA47:O,2.4489677
TYR48:H01,ALA47:C,2.6436918
TYR48:H03,GLN83:H01,2.5026236
TYR48:H03,GLN83:O,2.594037
TYR48:H04,GLN83:C,2.9567919
TYR48:H04,GLN83:O,2.6025815
TYR48:H04,PRO85:H05,2.198429
TYR48:H05,GLN83:O,2.156398
TYR48:H05,GLN83:H02,2.9263644
TYR48:H05,ALA47:C,2.0090752
TYR48:H05,ALA47:CB,2.7848618
TYR48:H05,ALA47:CA,2.52853
TYR48:H05,SEC49:H10,2.6589947
TYR48:H05,ALA47:H03,2.2839396
TYR48:H05,ALA47:N,2.6242504
TYR48:H05,ALA47:H05,2.9795554
TYR48:H07,PRO85:H05,2.6014428
TYR48:H08,VAL98:H03,2.8877459
TYR48:H08,VAL98:CG1,2.9763825
TYR48:H08,VAL98:H05,2.2282932
